WBS ID,Level,Issue Title,Parent WBS ID,Gate,Scope Class,Initial Status,Dependencies,Research Inputs,Acceptance,Body Note
SWE,Workstream,[SWE] Software Implementation Workstream,,G0-G5,Active baseline,In Progress,,,All active baseline Domains reach their accepted gate; deferred/stretch scope remains explicitly separated.,
SWE-ENV,Domain,"[SWE-ENV] Toolchain, Packages and Builds",SWE,G0,Active baseline,Ready,,,All child Deliverables satisfy their acceptance criteria and required verification evidence.,
SWE-ARC,Domain,[SWE-ARC] Architecture and Contracts,SWE,G0,Active baseline,Ready,,,All child Deliverables satisfy their acceptance criteria and required verification evidence.,
SWE-FVM,Domain,[SWE-FVM] Shared Finite-Volume Core,SWE,G1,Active baseline,Ready,,,All child Deliverables satisfy their acceptance criteria and required verification evidence.,
SWE-DAT,Domain,"[SWE-DAT] Configuration, Data and I/O",SWE,G1,Active baseline,Ready,,,All child Deliverables satisfy their acceptance criteria and required verification evidence.,
SWE-GEO,Domain,"[SWE-GEO] Geospatial, Terrain and Geometry Pipeline",SWE,G1,Active baseline,Ready,,,All child Deliverables satisfy their acceptance criteria and required verification evidence.,
SWE-R2D,Domain,[SWE-R2D] Regional 2D Solver,SWE,G2,Active baseline,Backlog,,,All child Deliverables satisfy their acceptance criteria and required verification evidence.,
SWE-L3D,Domain,[SWE-L3D] Local 3D Solver,SWE,G3,Active baseline,Backlog,,,All child Deliverables satisfy their acceptance criteria and required verification evidence.,
SWE-CPL,Domain,[SWE-CPL] Replay Coupling and Impact Analysis,SWE,G4,Active baseline,Backlog,,,All child Deliverables satisfy their acceptance criteria and required verification evidence.,
SWE-GUI,Domain,[SWE-GUI] Application and Visualisation,SWE,G0/G1,Active baseline,Ready,,,All child Deliverables satisfy their acceptance criteria and required verification evidence.,
SWE-VER,Domain,[SWE-VER] Verification and Validation Support,SWE,Continuous,Continuous baseline,Ready,,,All child Deliverables satisfy their acceptance criteria and required verification evidence.,
SWE-HPC,Domain,[SWE-HPC] Performance and Parallelism,SWE,Post-G5,Deferred,Backlog,,,All child Deliverables satisfy their acceptance criteria and required verification evidence.,
SWE-STR,Domain,[SWE-STR] Structural Response and FSI,SWE,Post-G5,Stretch,Backlog,,,All child Deliverables satisfy their acceptance criteria and required verification evidence.,
SWE-REL,Domain,"[SWE-REL] CI, Documentation and Deployment",SWE,G0 onward,Continuous baseline,Ready,,,All child Deliverables satisfy their acceptance criteria and required verification evidence.,
SWE-ENV-STACK,Deliverable,[SWE-ENV-STACK] Software stack and dependency decision register.,SWE-ENV,G0,Active baseline,Ready,,,All authorised child Work Packages are complete and Deliverable-specific evidence is linked.,
SWE-ENV-BLD,Deliverable,[SWE-ENV-BLD] Target-based CMake build system.,SWE-ENV,G0,Active baseline,Ready,,,All authorised child Work Packages are complete and Deliverable-specific evidence is linked.,
SWE-ENV-DEP,Deliverable,[SWE-ENV-DEP] Reproducible dependency manifest and version baseline.,SWE-ENV,G0,Active baseline,Ready,,,All authorised child Work Packages are complete and Deliverable-specific evidence is linked.,
SWE-ENV-PRS,Deliverable,"[SWE-ENV-PRS] Shared configure, build and test presets.",SWE-ENV,G0,Active baseline,Ready,,,All authorised child Work Packages are complete and Deliverable-specific evidence is linked.,
SWE-ENV-LIC,Deliverable,[SWE-ENV-LIC] Dependency licence and redistribution register.,SWE-ENV,G0,Active baseline,Ready,,,All authorised child Work Packages are complete and Deliverable-specific evidence is linked.,
SWE-ENV-SMK,Deliverable,[SWE-ENV-SMK] Clean-clone dependency and build smoke test.,SWE-ENV,G0,Active baseline,Ready,,,All authorised child Work Packages are complete and Deliverable-specific evidence is linked.,
SWE-ARC-TGT,Deliverable,[SWE-ARC-TGT] CMake target and dependency graph.,SWE-ARC,G0,Active baseline,Ready,,,All authorised child Work Packages are complete and Deliverable-specific evidence is linked.,
SWE-ARC-LAY,Deliverable,"[SWE-ARC-LAY] Core, application, adapter and UI layer boundaries.",SWE-ARC,G0,Active baseline,Ready,,,All authorised child Work Packages are complete and Deliverable-specific evidence is linked.,
SWE-ARC-CASE,Deliverable,[SWE-ARC-CASE] Simulation-case lifecycle and directory convention.,SWE-ARC,G0,Active baseline,Ready,,,All authorised child Work Packages are complete and Deliverable-specific evidence is linked.,
SWE-ARC-API,Deliverable,"[SWE-ARC-API] Mesh, field, solver, I/O, coupling and observer interfaces.",SWE-ARC,G0,Active baseline,Ready,,,All authorised child Work Packages are complete and Deliverable-specific evidence is linked.,
SWE-ARC-SVC,Deliverable,[SWE-ARC-SVC] Shared application-service and run-orchestration contract for CLI and GUI.,SWE-ARC,G0,Active baseline,Ready,,,All authorised child Work Packages are complete and Deliverable-specific evidence is linked.,
SWE-ARC-ERR,Deliverable,"[SWE-ARC-ERR] Error, status, logging, cancellation and failure-propagation model.",SWE-ARC,G0,Active baseline,Ready,,,All authorised child Work Packages are complete and Deliverable-specific evidence is linked.,
SWE-FVM-MSH,Deliverable,"[SWE-FVM-MSH] Dimension-independent control-volume topology and discrete geometry model, including cells, faces, owner/neighbour connectivity, patches, centroids, volumes, face areas and normals.",SWE-FVM,G1,Active baseline,Ready,,,All authorised child Work Packages are complete and Deliverable-specific evidence is linked.,
SWE-FVM-FLD,Deliverable,"[SWE-FVM-FLD] Typed scalar, vector and tensor field containers with cell-, face- and patch-location semantics.",SWE-FVM,G1,Active baseline,Ready,,,All authorised child Work Packages are complete and Deliverable-specific evidence is linked.,
SWE-FVM-BC,Deliverable,[SWE-FVM-BC] Generic boundary-patch and boundary-condition framework.,SWE-FVM,G1,Active baseline,Ready,,,All authorised child Work Packages are complete and Deliverable-specific evidence is linked.,
SWE-FVM-NUM,Deliverable,"[SWE-FVM-NUM] Shared interpolation, reconstruction, limiter, gradient, divergence and Laplacian infrastructure.",SWE-FVM,G1,Active baseline,Ready,,,All authorised child Work Packages are complete and Deliverable-specific evidence is linked.,
SWE-FVM-LIN,Deliverable,"[SWE-FVM-LIN] Sparse linear-system, solver and preconditioner abstraction.",SWE-FVM,G1,Active baseline,Backlog,,,All authorised child Work Packages are complete and Deliverable-specific evidence is linked.,
SWE-FVM-CTL,Deliverable,"[SWE-FVM-CTL] Common residual, corrector, timestep-control and accept/reject infrastructure.",SWE-FVM,G1,Active baseline,Backlog,,,All authorised child Work Packages are complete and Deliverable-specific evidence is linked.,
SWE-DAT-CFG,Deliverable,[SWE-DAT-CFG] Versioned simulation-case configuration schema and validation.,SWE-DAT,G1,Active baseline,Ready,,,All authorised child Work Packages are complete and Deliverable-specific evidence is linked.,
SWE-DAT-MAN,Deliverable,"[SWE-DAT-MAN] Versioned dataset and provenance manifest covering provider, source, licence, resolution, CRS, vertical datum, preprocessing and generated artefacts.",SWE-DAT,G1,Active baseline,Ready,,,All authorised child Work Packages are complete and Deliverable-specific evidence is linked.,
SWE-DAT-ING,Deliverable,"[SWE-DAT-ING] Canonical ingestion records for earthquake-source, observation, gauge, run-up, inundation and other scientific datasets not owned by the geospatial raster/vector adapters.",SWE-DAT,G1,Active baseline,Backlog,,,All authorised child Work Packages are complete and Deliverable-specific evidence is linked.,
SWE-DAT-SCH,Deliverable,"[SWE-DAT-SCH] Versioned HDF5 result, diagnostic and checkpoint schema.",SWE-DAT,G1,Active baseline,Ready,,,All authorised child Work Packages are complete and Deliverable-specific evidence is linked.,
SWE-DAT-XDMF,Deliverable,[SWE-DAT-XDMF] XDMF descriptors for ParaView-compatible inspection.,SWE-DAT,G1,Active baseline,Ready,,,All authorised child Work Packages are complete and Deliverable-specific evidence is linked.,
SWE-DAT-CHK,Deliverable,"[SWE-DAT-CHK] Restart/checkpoint read, write and compatibility implementation.",SWE-DAT,G1,Active baseline,Backlog,,,All authorised child Work Packages are complete and Deliverable-specific evidence is linked.,
SWE-GEO-IMP,Deliverable,"[SWE-GEO-IMP] GeoTIFF, NetCDF and vector-source import adapters.",SWE-GEO,G1,Active baseline,Ready,,,All authorised child Work Packages are complete and Deliverable-specific evidence is linked.,
SWE-GEO-CRS,Deliverable,"[SWE-GEO-CRS] Horizontal CRS, vertical datum and coordinate-transformation handling with provenance.",SWE-GEO,G1,Active baseline,Ready,,,All authorised child Work Packages are complete and Deliverable-specific evidence is linked.,
SWE-GEO-COR,Deliverable,"[SWE-GEO-COR] Evidence-driven Kamaishi and Sendai trajectory/corridor construction, clipping and intermediate-artefact export.",SWE-GEO,G1,Active baseline,Ready,,,All authorised child Work Packages are complete and Deliverable-specific evidence is linked.,
SWE-GEO-TER,Deliverable,"[SWE-GEO-TER] Bathymetry/topography conditioning, merging, resampling and interpolation to the computational representation.",SWE-GEO,G1,Active baseline,Ready,,,All authorised child Work Packages are complete and Deliverable-specific evidence is linked.,
SWE-GEO-MSH,Deliverable,[SWE-GEO-MSH] Reproducible mesh-generation/import workflow and transfer into `SWE-FVM-MSH`.,SWE-GEO,G1,Active baseline,Ready,,,All authorised child Work Packages are complete and Deliverable-specific evidence is linked.,
SWE-GEO-TAG,Deliverable,"[SWE-GEO-TAG] Boundary, terrain, barrier, material and region tagging.",SWE-GEO,G1,Active baseline,Ready,,,All authorised child Work Packages are complete and Deliverable-specific evidence is linked.,
SWE-GEO-BAR,Deliverable,"[SWE-GEO-BAR] Method-neutral fixed terrain and rigid barrier-class descriptors, placement and computational representation.",SWE-GEO,G1,Active baseline,Ready,,,All authorised child Work Packages are complete and Deliverable-specific evidence is linked.,
SWE-GEO-CHK,Deliverable,"[SWE-GEO-CHK] Corridor, terrain, geometry and mesh-validity/quality checks.",SWE-GEO,G1,Active baseline,Ready,,,All authorised child Work Packages are complete and Deliverable-specific evidence is linked.,
SWE-R2D-STA,Deliverable,"[SWE-R2D-STA] Conservative state, primitive-variable recovery and state admissibility.",SWE-R2D,G2,Active baseline,Backlog,,,All authorised child Work Packages are complete and Deliverable-specific evidence is linked.,
SWE-R2D-FLX,Deliverable,[SWE-R2D-FLX] Rusanov baseline numerical flux with controlled HLL/HLLC extension points.,SWE-R2D,G2,Active baseline,Backlog,,,All authorised child Work Packages are complete and Deliverable-specific evidence is linked.,
SWE-R2D-WB,Deliverable,[SWE-R2D-WB] Hydrostatic reconstruction and lake-at-rest well balancing.,SWE-R2D,G2,Active baseline,Backlog,,,All authorised child Work Packages are complete and Deliverable-specific evidence is linked.,
SWE-R2D-WD,Deliverable,[SWE-R2D-WD] Positivity preservation and wetting--drying treatment.,SWE-R2D,G2,Active baseline,Backlog,,,All authorised child Work Packages are complete and Deliverable-specific evidence is linked.,
SWE-R2D-SRC,Deliverable,"[SWE-R2D-SRC] Bathymetry, Manning friction, Coriolis and accepted optional source terms.",SWE-R2D,G2,Active baseline,Backlog,,,All authorised child Work Packages are complete and Deliverable-specific evidence is linked.,
SWE-R2D-BC,Deliverable,[SWE-R2D-BC] Open/radiation boundaries and sponge/relaxation layers.,SWE-R2D,G2,Active baseline,Backlog,,,All authorised child Work Packages are complete and Deliverable-specific evidence is linked.,
SWE-R2D-TIM,Deliverable,[SWE-R2D-TIM] Regional CFL control and accepted explicit time integration.,SWE-R2D,G2,Active baseline,Backlog,,,All authorised child Work Packages are complete and Deliverable-specific evidence is linked.,
SWE-R2D-EQK,Deliverable,"[SWE-R2D-EQK] Earthquake, finite-fault and seabed-deformation initialisation interface.",SWE-R2D,G2,Active baseline,Backlog,,,All authorised child Work Packages are complete and Deliverable-specific evidence is linked.,
SWE-R2D-SOL,Deliverable,"[SWE-R2D-SOL] Integrated regional solve loop, diagnostics and regional-output production.",SWE-R2D,G2,Active baseline,Backlog,,,All authorised child Work Packages are complete and Deliverable-specific evidence is linked.,
SWE-L3D-VOF,Deliverable,"[SWE-L3D-VOF] Bounded compressive VOF transport, phase-state update and mixture-property update.",SWE-L3D,G3,Active baseline,Backlog,,,All authorised child Work Packages are complete and Deliverable-specific evidence is linked.,
SWE-L3D-MOM,Deliverable,[SWE-L3D-MOM] Collocated cell-centred URANS momentum-predictor discretisation.,SWE-L3D,G3,Active baseline,Backlog,,,All authorised child Work Packages are complete and Deliverable-specific evidence is linked.,
SWE-L3D-PRS,Deliverable,"[SWE-L3D-PRS] Rhie--Chow pressure-consistent face fluxes and PISO-like pressure, velocity and flux correction.",SWE-L3D,G3,Active baseline,Backlog,,,All authorised child Work Packages are complete and Deliverable-specific evidence is linked.,
SWE-L3D-SST,Deliverable,[SWE-L3D-SST] `k`--`omega` SST turbulence transport and turbulent-viscosity update.,SWE-L3D,G3,Active baseline,Backlog,,,All authorised child Work Packages are complete and Deliverable-specific evidence is linked.,
SWE-L3D-WLF,Deliverable,[SWE-L3D-WLF] Scalable wall-function treatment for terrain and barrier walls.,SWE-L3D,G3,Active baseline,Backlog,,,All authorised child Work Packages are complete and Deliverable-specific evidence is linked.,
SWE-L3D-BC,Deliverable,"[SWE-L3D-BC] Regional-forced inlet, open/radiation outlet, lateral open-ocean, atmospheric-top, terrain and barrier boundary conditions.",SWE-L3D,G3,Active baseline,Backlog,,,All authorised child Work Packages are complete and Deliverable-specific evidence is linked.,
SWE-L3D-TIM,Deliverable,"[SWE-L3D-TIM] CFL, interface-CFL, gravity-wave and diffusion timestep constraints with timestep rejection.",SWE-L3D,G3,Active baseline,Backlog,,,All authorised child Work Packages are complete and Deliverable-specific evidence is linked.,
SWE-L3D-SOL,Deliverable,[SWE-L3D-SOL] Exact transient segregated URANS--VOF solve sequence and field-acceptance loop.,SWE-L3D,G3,Active baseline,Backlog,,,All authorised child Work Packages are complete and Deliverable-specific evidence is linked.,
SWE-L3D-FRC,Deliverable,"[SWE-L3D-FRC] Barrier pressure, shear, traction, force and moment integration.",SWE-L3D,G3,Active baseline,Backlog,,,All authorised child Work Packages are complete and Deliverable-specific evidence is linked.,
SWE-CPL-IFC,Deliverable,"[SWE-CPL-IFC] Regional/local state, coordinate, convention and interface specification.",SWE-CPL,G4,Active baseline,Backlog,,,All authorised child Work Packages are complete and Deliverable-specific evidence is linked.,
SWE-CPL-RPL,Deliverable,[SWE-CPL-RPL] Versioned regional-output and local replay-boundary format.,SWE-CPL,G4,Active baseline,Backlog,,,All authorised child Work Packages are complete and Deliverable-specific evidence is linked.,
SWE-CPL-MAP,Deliverable,[SWE-CPL-MAP] Spatial mapping and temporal interpolation from regional output to the local interface.,SWE-CPL,G4,Active baseline,Backlog,,,All authorised child Work Packages are complete and Deliverable-specific evidence is linked.,
SWE-CPL-BC,Deliverable,[SWE-CPL-BC] Reconstruction of three-dimensional local inlet conditions from depth-averaged regional variables.,SWE-CPL,G4,Active baseline,Backlog,,,All authorised child Work Packages are complete and Deliverable-specific evidence is linked.,
SWE-CPL-MET,Deliverable,"[SWE-CPL-MET] Run-up, overtopping, transmission, pressure, force, moment, impulse and energy metric implementation.",SWE-CPL,G4,Active baseline,Backlog,,,All authorised child Work Packages are complete and Deliverable-specific evidence is linked.,
SWE-CPL-CMP,Deliverable,[SWE-CPL-CMP] Reproducible wall-type versus obstacle/dissipating barrier comparison runner.,SWE-CPL,G4,Active baseline,Backlog,,,All authorised child Work Packages are complete and Deliverable-specific evidence is linked.,
SWE-GUI-SHL,Deliverable,[SWE-GUI-SHL] Qt Quick/QML application shell and navigation structure.,SWE-GUI,G0,Active baseline,Ready,,,All authorised child Work Packages are complete and Deliverable-specific evidence is linked.,
SWE-GUI-CAS,Deliverable,"[SWE-GUI-CAS] Data, corridor, domain, mesh, physics, solver and output case editor.",SWE-GUI,G1,Active baseline,Ready,,,All authorised child Work Packages are complete and Deliverable-specific evidence is linked.,
SWE-GUI-RUN,Deliverable,"[SWE-GUI-RUN] Headless-process launch, monitoring, cancellation and run-state control.",SWE-GUI,G0/G1,Active baseline,Backlog,,,All authorised child Work Packages are complete and Deliverable-specific evidence is linked.,
SWE-GUI-LOG,Deliverable,"[SWE-GUI-LOG] Structured log, warning, residual and diagnostic presentation.",SWE-GUI,G0/G1,Active baseline,Backlog,,,All authorised child Work Packages are complete and Deliverable-specific evidence is linked.,
SWE-GUI-VIS,Deliverable,[SWE-GUI-VIS] Lightweight terrain/mesh/field preview and ParaView hand-off.,SWE-GUI,G1,Active baseline,Ready,,,All authorised child Work Packages are complete and Deliverable-specific evidence is linked.,
SWE-GUI-POST,Deliverable,"[SWE-GUI-POST] Result catalogue, case comparison and metric-history views.",SWE-GUI,G0/G1,Active baseline,Backlog,,,All authorised child Work Packages are complete and Deliverable-specific evidence is linked.,
SWE-VER-UNIT,Deliverable,"[SWE-VER-UNIT] Unit tests for data structures, geometry, operators, schemas and solver components.",SWE-VER,G0,Continuous baseline,Ready,,,All authorised child Work Packages are complete and Deliverable-specific evidence is linked.,
SWE-VER-ACC,Deliverable,"[SWE-VER-ACC] Runtime acceptance checks for mass conservation, bounded volume fraction, positive turbulence variables, residual tolerances, CFL limits and timestep acceptance.",SWE-VER,Continuous,Continuous baseline,Backlog,,,All authorised child Work Packages are complete and Deliverable-specific evidence is linked.,
SWE-VER-BMK,Deliverable,[SWE-VER-BMK] Regional and local solver-capability benchmark suite.,SWE-VER,Continuous,Continuous baseline,Backlog,,,All authorised child Work Packages are complete and Deliverable-specific evidence is linked.,
SWE-VER-REG,Deliverable,"[SWE-VER-REG] Regression, restart reproducibility, schema round-trip and reference-result tests.",SWE-VER,G1,Continuous baseline,Ready,,,All authorised child Work Packages are complete and Deliverable-specific evidence is linked.,
SWE-VER-CONV,Deliverable,[SWE-VER-CONV] Mesh- and timestep-convergence study harness.,SWE-VER,Continuous,Continuous baseline,Backlog,,,All authorised child Work Packages are complete and Deliverable-specific evidence is linked.,
SWE-VER-VAL,Deliverable,"[SWE-VER-VAL] Observation, Tohoku hydrodynamic and impact/loading comparison harness; execution and acceptance remain governed by `RES-VER`.",SWE-VER,Continuous,Continuous baseline,Backlog,,,All authorised child Work Packages are complete and Deliverable-specific evidence is linked.,
SWE-HPC-PROF,Deliverable,"[SWE-HPC-PROF] Serial performance, memory and scalability baseline.",SWE-HPC,Post-G5,Deferred,Backlog,,,All authorised child Work Packages are complete and Deliverable-specific evidence is linked.,
SWE-HPC-SIMD,Deliverable,[SWE-HPC-SIMD] Vectorisation and data-layout optimisation.,SWE-HPC,Post-G5,Deferred,Backlog,,,All authorised child Work Packages are complete and Deliverable-specific evidence is linked.,
SWE-HPC-OMP,Deliverable,[SWE-HPC-OMP] Shared-memory parallel execution.,SWE-HPC,Post-G5,Deferred,Backlog,,,All authorised child Work Packages are complete and Deliverable-specific evidence is linked.,
SWE-HPC-MPI,Deliverable,[SWE-HPC-MPI] Distributed-memory decomposition and execution.,SWE-HPC,Post-G5,Deferred,Backlog,,,All authorised child Work Packages are complete and Deliverable-specific evidence is linked.,
SWE-HPC-GPU,Deliverable,[SWE-HPC-GPU] GPU execution backend after profiling and interface stabilisation.,SWE-HPC,Post-G5,Deferred,Backlog,,,All authorised child Work Packages are complete and Deliverable-specific evidence is linked.,
SWE-HPC-AIO,Deliverable,[SWE-HPC-AIO] Bounded asynchronous and parallel I/O optimisation.,SWE-HPC,Post-G5,Deferred,Backlog,,,All authorised child Work Packages are complete and Deliverable-specific evidence is linked.,
SWE-STR-LOD,Deliverable,[SWE-STR-LOD] Fluid-to-structure hydrodynamic load-transfer interface.,SWE-STR,Post-G5,Stretch,Backlog,,,All authorised child Work Packages are complete and Deliverable-specific evidence is linked.,
SWE-STR-MAT,Deliverable,[SWE-STR-MAT] Material and structural-model adapter.,SWE-STR,Post-G5,Stretch,Backlog,,,All authorised child Work Packages are complete and Deliverable-specific evidence is linked.,
SWE-STR-FEM,Deliverable,[SWE-STR-FEM] Deformable structural discretisation and solver.,SWE-STR,Post-G5,Stretch,Backlog,,,All authorised child Work Packages are complete and Deliverable-specific evidence is linked.,
SWE-STR-DMG,Deliverable,"[SWE-STR-DMG] Damage, failure and material-response extension.",SWE-STR,Post-G5,Stretch,Backlog,,,All authorised child Work Packages are complete and Deliverable-specific evidence is linked.,
SWE-STR-FSI,Deliverable,[SWE-STR-FSI] Two-way fluid--structure coupling and feedback.,SWE-STR,Post-G5,Stretch,Backlog,,,All authorised child Work Packages are complete and Deliverable-specific evidence is linked.,
SWE-REL-CI,Deliverable,"[SWE-REL-CI] Automated configure, build, test and artefact workflows.",SWE-REL,G0,Continuous baseline,Ready,,,All authorised child Work Packages are complete and Deliverable-specific evidence is linked.,
SWE-REL-PKG,Deliverable,[SWE-REL-PKG] Cross-platform application and runtime packaging.,SWE-REL,G0 onward,Continuous baseline,Backlog,,,All authorised child Work Packages are complete and Deliverable-specific evidence is linked.,
SWE-REL-DOC,Deliverable,"[SWE-REL-DOC] Developer, user, case-schema and scientific-software documentation.",SWE-REL,G0 onward,Continuous baseline,Backlog,,,All authorised child Work Packages are complete and Deliverable-specific evidence is linked.,
SWE-REL-REP,Deliverable,"[SWE-REL-REP] Versioned reproducibility bundle containing configuration, manifests, environment, test evidence and release artefacts.",SWE-REL,G0 onward,Continuous baseline,Backlog,,,All authorised child Work Packages are complete and Deliverable-specific evidence is linked.,
SWE-ENV-STACK-WP1,Work Package,[SWE-ENV-STACK-WP1] Confirm the production software stack,SWE-ENV-STACK,G0,Active baseline,Ready,,,"Every active dependency has a project role, owner, version policy and fallback decision.",
SWE-ENV-STACK-WP1-T1,Task,[SWE-ENV-STACK-WP1-T1] Map required capabilities to mandatory and optional dependencies.,SWE-ENV-STACK-WP1,G0,Active baseline,Backlog,,,"Task output is committed, reviewed and linked to its parent Work Package.",
SWE-ENV-STACK-WP1-T2,Task,"[SWE-ENV-STACK-WP1-T2] Record selected libraries, versions, alternatives and deferred components.",SWE-ENV-STACK-WP1,G0,Active baseline,Backlog,,,"Task output is committed, reviewed and linked to its parent Work Package.",
SWE-ENV-STACK-WP1-T3,Task,[SWE-ENV-STACK-WP1-T3] Approve the stack decision register and downstream ownership.,SWE-ENV-STACK-WP1,G0,Active baseline,Backlog,,,"Task output is committed, reviewed and linked to its parent Work Package.",
SWE-ENV-BLD-WP1,Work Package,[SWE-ENV-BLD-WP1] Create the target-based CMake scaffold,SWE-ENV-BLD,G0,Active baseline,Backlog,SWE-ENV-STACK-WP1,,All skeleton targets configure and build without global include/link state.,
SWE-ENV-BLD-WP1-T1,Task,[SWE-ENV-BLD-WP1-T1] Define the CMake/C++20 baseline and root project configuration.,SWE-ENV-BLD-WP1,G0,Active baseline,Backlog,,,"Task output is committed, reviewed and linked to its parent Work Package.",
SWE-ENV-BLD-WP1-T2,Task,"[SWE-ENV-BLD-WP1-T2] Create library, CLI, Qt application and test target skeletons.",SWE-ENV-BLD-WP1,G0,Active baseline,Backlog,,,"Task output is committed, reviewed and linked to its parent Work Package.",
SWE-ENV-BLD-WP1-T3,Task,"[SWE-ENV-BLD-WP1-T3] Apply target-scoped include paths, compile features and warnings.",SWE-ENV-BLD-WP1,G0,Active baseline,Backlog,,,"Task output is committed, reviewed and linked to its parent Work Package.",
SWE-ENV-DEP-WP1,Work Package,[SWE-ENV-DEP-WP1] Establish reproducible dependency acquisition,SWE-ENV-DEP,G0,Active baseline,Backlog,SWE-ENV-STACK-WP1,,Dependency restoration is deterministic from repository-controlled metadata.,
SWE-ENV-DEP-WP1-T1,Task,[SWE-ENV-DEP-WP1-T1] Create the dependency manifest and pinned baseline.,SWE-ENV-DEP-WP1,G0,Active baseline,Backlog,,,"Task output is committed, reviewed and linked to its parent Work Package.",
SWE-ENV-DEP-WP1-T2,Task,"[SWE-ENV-DEP-WP1-T2] Separate mandatory, GUI, geospatial, test and optional feature groups.",SWE-ENV-DEP-WP1,G0,Active baseline,Backlog,,,"Task output is committed, reviewed and linked to its parent Work Package.",
SWE-ENV-DEP-WP1-T3,Task,[SWE-ENV-DEP-WP1-T3] Document supported acquisition and cache behaviour.,SWE-ENV-DEP-WP1,G0,Active baseline,Backlog,,,"Task output is committed, reviewed and linked to its parent Work Package.",
SWE-ENV-PRS-WP1,Work Package,"[SWE-ENV-PRS-WP1] Define shared configure, build and test presets",SWE-ENV-PRS,G0,Active baseline,Backlog,SWE-ENV-BLD-WP1; SWE-ENV-DEP-WP1,,"The documented preset commands reproduce configuration, build and test workflows.",
SWE-ENV-PRS-WP1-T1,Task,"[SWE-ENV-PRS-WP1-T1] Create developer, release and CI configure presets.",SWE-ENV-PRS-WP1,G0,Active baseline,Backlog,,,"Task output is committed, reviewed and linked to its parent Work Package.",
SWE-ENV-PRS-WP1-T2,Task,[SWE-ENV-PRS-WP1-T2] Create matching build and test presets with platform inheritance.,SWE-ENV-PRS-WP1,G0,Active baseline,Backlog,,,"Task output is committed, reviewed and linked to its parent Work Package.",
SWE-ENV-PRS-WP1-T3,Task,[SWE-ENV-PRS-WP1-T3] Document preset selection and local override rules.,SWE-ENV-PRS-WP1,G0,Active baseline,Backlog,,,"Task output is committed, reviewed and linked to its parent Work Package.",
SWE-ENV-LIC-WP1,Work Package,[SWE-ENV-LIC-WP1] Create the dependency licence register,SWE-ENV-LIC,G0,Active baseline,Backlog,SWE-ENV-STACK-WP1,,No selected dependency lacks an identified licence and redistribution decision.,
SWE-ENV-LIC-WP1-T1,Task,"[SWE-ENV-LIC-WP1-T1] Capture licence identifier, source and notice requirements for each dependency.",SWE-ENV-LIC-WP1,G0,Active baseline,Backlog,,,"Task output is committed, reviewed and linked to its parent Work Package.",
SWE-ENV-LIC-WP1-T2,Task,"[SWE-ENV-LIC-WP1-T2] Record linking, redistribution and runtime-library implications.",SWE-ENV-LIC-WP1,G0,Active baseline,Backlog,,,"Task output is committed, reviewed and linked to its parent Work Package.",
SWE-ENV-LIC-WP1-T3,Task,[SWE-ENV-LIC-WP1-T3] Define release-time licence verification.,SWE-ENV-LIC-WP1,G0,Active baseline,Backlog,,,"Task output is committed, reviewed and linked to its parent Work Package.",
SWE-ENV-SMK-WP1,Work Package,[SWE-ENV-SMK-WP1] Implement the clean-clone smoke test,SWE-ENV-SMK,G0,Active baseline,Backlog,SWE-ENV-PRS-WP1; SWE-GUI-SHL-WP1; SWE-VER-UNIT-WP1,,"A clean clone completes configure, build and smoke-test steps using documented commands.",
SWE-ENV-SMK-WP1-T1,Task,[SWE-ENV-SMK-WP1-T1] Define a clean environment and dependency restoration procedure.,SWE-ENV-SMK-WP1,G0,Active baseline,Backlog,,,"Task output is committed, reviewed and linked to its parent Work Package.",
SWE-ENV-SMK-WP1-T2,Task,"[SWE-ENV-SMK-WP1-T2] Build the core, CLI, Qt shell and test targets from that environment.",SWE-ENV-SMK-WP1,G0,Active baseline,Backlog,,,"Task output is committed, reviewed and linked to its parent Work Package.",
SWE-ENV-SMK-WP1-T3,Task,[SWE-ENV-SMK-WP1-T3] Record pass/fail evidence and remediate undocumented prerequisites.,SWE-ENV-SMK-WP1,G0,Active baseline,Backlog,,,"Task output is committed, reviewed and linked to its parent Work Package.",
SWE-ARC-TGT-WP1,Work Package,[SWE-ARC-TGT-WP1] Lock the target and dependency graph,SWE-ARC-TGT,G0,Active baseline,Backlog,SWE-ENV-BLD-WP1,,The target graph has no UI-to-core or adapter-to-domain ownership inversion.,
SWE-ARC-TGT-WP1-T1,Task,[SWE-ARC-TGT-WP1-T1] Define named CMake targets and allowed dependency directions.,SWE-ARC-TGT-WP1,G0,Active baseline,Backlog,,,"Task output is committed, reviewed and linked to its parent Work Package.",
SWE-ARC-TGT-WP1-T2,Task,[SWE-ARC-TGT-WP1-T2] Identify public/private interfaces and adapter boundaries.,SWE-ARC-TGT-WP1,G0,Active baseline,Backlog,,,"Task output is committed, reviewed and linked to its parent Work Package.",
SWE-ARC-TGT-WP1-T3,Task,[SWE-ARC-TGT-WP1-T3] Add a machine-checkable or reviewable dependency map.,SWE-ARC-TGT-WP1,G0,Active baseline,Backlog,,,"Task output is committed, reviewed and linked to its parent Work Package.",
SWE-ARC-LAY-WP1,Work Package,[SWE-ARC-LAY-WP1] Lock architectural layers and ownership,SWE-ARC-LAY,G0,Active baseline,Backlog,SWE-ARC-TGT-WP1,,Every v0.2 Domain maps to one owning layer and documented interfaces.,
SWE-ARC-LAY-WP1-T1,Task,"[SWE-ARC-LAY-WP1-T1] Define core, numerical, data, geospatial, application, adapter and UI layers.",SWE-ARC-LAY-WP1,G0,Active baseline,Backlog,,,"Task output is committed, reviewed and linked to its parent Work Package.",
SWE-ARC-LAY-WP1-T2,Task,[SWE-ARC-LAY-WP1-T2] Write dependency rules and prohibited coupling cases.,SWE-ARC-LAY-WP1,G0,Active baseline,Backlog,,,"Task output is committed, reviewed and linked to its parent Work Package.",
SWE-ARC-LAY-WP1-T3,Task,"[SWE-ARC-LAY-WP1-T3] Record extension points for regional, local and coupling solvers.",SWE-ARC-LAY-WP1,G0,Active baseline,Backlog,,,"Task output is committed, reviewed and linked to its parent Work Package.",
SWE-ARC-CASE-WP1,Work Package,[SWE-ARC-CASE-WP1] Define the simulation-case lifecycle,SWE-ARC-CASE,G0,Active baseline,Backlog,SWE-ARC-LAY-WP1,,A case has a deterministic directory layout and explicit lifecycle transitions.,
SWE-ARC-CASE-WP1-T1,Task,"[SWE-ARC-CASE-WP1-T1] Define case states from creation through validation, execution and archival.",SWE-ARC-CASE-WP1,G0,Active baseline,Backlog,,,"Task output is committed, reviewed and linked to its parent Work Package.",
SWE-ARC-CASE-WP1-T2,Task,[SWE-ARC-CASE-WP1-T2] Define the canonical case-directory and artefact layout.,SWE-ARC-CASE-WP1,G0,Active baseline,Backlog,,,"Task output is committed, reviewed and linked to its parent Work Package.",
SWE-ARC-CASE-WP1-T3,Task,"[SWE-ARC-CASE-WP1-T3] Define schema-version, provenance and restart compatibility rules.",SWE-ARC-CASE-WP1,G0,Active baseline,Backlog,,,"Task output is committed, reviewed and linked to its parent Work Package.",
SWE-ARC-API-WP1,Work Package,[SWE-ARC-API-WP1] Define stable core interface contracts,SWE-ARC-API,G0,Active baseline,Backlog,SWE-ARC-LAY-WP1,,Interfaces expose no Qt types in numerical/data core contracts.,
SWE-ARC-API-WP1-T1,Task,"[SWE-ARC-API-WP1-T1] Specify mesh, field, I/O, solver, coupling and observer interface responsibilities.",SWE-ARC-API-WP1,G0,Active baseline,Backlog,,,"Task output is committed, reviewed and linked to its parent Work Package.",
SWE-ARC-API-WP1-T2,Task,"[SWE-ARC-API-WP1-T2] Specify ownership, mutability, lifetime and error contracts.",SWE-ARC-API-WP1,G0,Active baseline,Backlog,,,"Task output is committed, reviewed and linked to its parent Work Package.",
SWE-ARC-API-WP1-T3,Task,[SWE-ARC-API-WP1-T3] Create interface stubs or headers sufficient for dependent target compilation.,SWE-ARC-API-WP1,G0,Active baseline,Backlog,,,"Task output is committed, reviewed and linked to its parent Work Package.",
SWE-ARC-SVC-WP1,Work Package,[SWE-ARC-SVC-WP1] Define the shared application-service contract,SWE-ARC-SVC,G0,Active baseline,Backlog,SWE-ARC-API-WP1; SWE-ARC-CASE-WP1,,CLI and Qt shell can invoke the same application-service boundary.,
SWE-ARC-SVC-WP1-T1,Task,"[SWE-ARC-SVC-WP1-T1] Specify case validation, run preparation, launch, cancellation and result-discovery operations.",SWE-ARC-SVC-WP1,G0,Active baseline,Backlog,,,"Task output is committed, reviewed and linked to its parent Work Package.",
SWE-ARC-SVC-WP1-T2,Task,[SWE-ARC-SVC-WP1-T2] Define identical orchestration entry points for CLI and GUI adapters.,SWE-ARC-SVC-WP1,G0,Active baseline,Backlog,,,"Task output is committed, reviewed and linked to its parent Work Package.",
SWE-ARC-SVC-WP1-T3,Task,[SWE-ARC-SVC-WP1-T3] Create a no-solver service stub for smoke testing.,SWE-ARC-SVC-WP1,G0,Active baseline,Backlog,,,"Task output is committed, reviewed and linked to its parent Work Package.",
SWE-ARC-ERR-WP1,Work Package,[SWE-ARC-ERR-WP1] Define diagnostics and failure propagation,SWE-ARC-ERR,G0,Active baseline,Backlog,SWE-ARC-API-WP1; SWE-ARC-SVC-WP1,,A representative validation failure reaches CLI and GUI with preserved context.,
SWE-ARC-ERR-WP1-T1,Task,"[SWE-ARC-ERR-WP1-T1] Define error categories, status objects and severity levels.",SWE-ARC-ERR-WP1,G0,Active baseline,Backlog,,,"Task output is committed, reviewed and linked to its parent Work Package.",
SWE-ARC-ERR-WP1-T2,Task,"[SWE-ARC-ERR-WP1-T2] Define structured logging, cancellation and contextual diagnostic rules.",SWE-ARC-ERR-WP1,G0,Active baseline,Backlog,,,"Task output is committed, reviewed and linked to its parent Work Package.",
SWE-ARC-ERR-WP1-T3,Task,[SWE-ARC-ERR-WP1-T3] Implement a minimal diagnostic path from core to CLI and GUI.,SWE-ARC-ERR-WP1,G0,Active baseline,Backlog,,,"Task output is committed, reviewed and linked to its parent Work Package.",
SWE-GUI-SHL-WP1,Work Package,[SWE-GUI-SHL-WP1] Create the Qt Quick application shell,SWE-GUI-SHL,G0,Active baseline,Backlog,SWE-ARC-SVC-WP1; SWE-ARC-ERR-WP1; SWE-ENV-DEP-WP1,,The shell launches and displays service status without linking Qt into core libraries.,
SWE-GUI-SHL-WP1-T1,Task,[SWE-GUI-SHL-WP1-T1] Create the Qt Quick/QML application target and resource structure.,SWE-GUI-SHL-WP1,G0,Active baseline,Backlog,,,"Task output is committed, reviewed and linked to its parent Work Package.",
SWE-GUI-SHL-WP1-T2,Task,"[SWE-GUI-SHL-WP1-T2] Implement navigation placeholders for data, domain, mesh, physics, solver, run and post-processing.",SWE-GUI-SHL-WP1,G0,Active baseline,Backlog,,,"Task output is committed, reviewed and linked to its parent Work Package.",
SWE-GUI-SHL-WP1-T3,Task,[SWE-GUI-SHL-WP1-T3] Connect the shell to the application-service and diagnostic stubs.,SWE-GUI-SHL-WP1,G0,Active baseline,Backlog,,,"Task output is committed, reviewed and linked to its parent Work Package.",
SWE-VER-UNIT-WP1,Work Package,[SWE-VER-UNIT-WP1] Establish the unit and smoke-test framework,SWE-VER-UNIT,G0,Active baseline,Backlog,SWE-ENV-BLD-WP1; SWE-ARC-API-WP1,,CTest discovers and executes tests through the shared presets.,
SWE-VER-UNIT-WP1-T1,Task,[SWE-VER-UNIT-WP1-T1] Select and integrate the C++ test framework.,SWE-VER-UNIT-WP1,G0,Active baseline,Backlog,,,"Task output is committed, reviewed and linked to its parent Work Package.",
SWE-VER-UNIT-WP1-T2,Task,"[SWE-VER-UNIT-WP1-T2] Create representative core, configuration and adapter smoke tests.",SWE-VER-UNIT-WP1,G0,Active baseline,Backlog,,,"Task output is committed, reviewed and linked to its parent Work Package.",
SWE-VER-UNIT-WP1-T3,Task,[SWE-VER-UNIT-WP1-T3] Register tests through CTest and presets.,SWE-VER-UNIT-WP1,G0,Active baseline,Backlog,,,"Task output is committed, reviewed and linked to its parent Work Package.",
SWE-REL-CI-WP1,Work Package,[SWE-REL-CI-WP1] Create the baseline CI workflow,SWE-REL-CI,G0,Active baseline,Backlog,SWE-ENV-PRS-WP1; SWE-VER-UNIT-WP1,,"A pull request triggers reproducible configure, build and test checks.",
SWE-REL-CI-WP1-T1,Task,"[SWE-REL-CI-WP1-T1] Configure clean checkout, dependency restore and preset-based build.",SWE-REL-CI-WP1,G0,Active baseline,Backlog,,,"Task output is committed, reviewed and linked to its parent Work Package.",
SWE-REL-CI-WP1-T2,Task,[SWE-REL-CI-WP1-T2] Run smoke/unit tests and retain diagnostic artefacts on failure.,SWE-REL-CI-WP1,G0,Active baseline,Backlog,,,"Task output is committed, reviewed and linked to its parent Work Package.",
SWE-REL-CI-WP1-T3,Task,[SWE-REL-CI-WP1-T3] Document branch and pull-request quality gates.,SWE-REL-CI-WP1,G0,Active baseline,Backlog,,,"Task output is committed, reviewed and linked to its parent Work Package.",
SWE-DAT-CFG-WP1,Work Package,[SWE-DAT-CFG-WP1] Implement the versioned case schema,SWE-DAT-CFG,G1,Active baseline,Backlog,SWE-ARC-CASE-WP1; SWE-ARC-ERR-WP1,RES-MOD; RES-NUM,G1 case fixtures validate deterministically and invalid cases identify exact fields.,
SWE-DAT-CFG-WP1-T1,Task,[SWE-DAT-CFG-WP1-T1] Define the minimum G1 case structure and schema version.,SWE-DAT-CFG-WP1,G1,Active baseline,Backlog,,RES-MOD; RES-NUM,"Task output is committed, reviewed and linked to its parent Work Package.",
SWE-DAT-CFG-WP1-T2,Task,"[SWE-DAT-CFG-WP1-T2] Implement parsing, semantic validation and contextual diagnostics.",SWE-DAT-CFG-WP1,G1,Active baseline,Backlog,,RES-MOD; RES-NUM,"Task output is committed, reviewed and linked to its parent Work Package.",
SWE-DAT-CFG-WP1-T3,Task,"[SWE-DAT-CFG-WP1-T3] Create valid, invalid and migration fixture cases.",SWE-DAT-CFG-WP1,G1,Active baseline,Backlog,,RES-MOD; RES-NUM,"Task output is committed, reviewed and linked to its parent Work Package.",
SWE-DAT-MAN-WP1,Work Package,[SWE-DAT-MAN-WP1] Implement the dataset and provenance manifest,SWE-DAT-MAN,G1,Active baseline,Backlog,SWE-DAT-CFG-WP1,RES-DAT-GEO; RES-DAT-SRC; RES-DAT-OBS; RES-DAT-UNC; RES-DAT-CAS,Every G1 source and generated artefact has machine-readable provenance.,
SWE-DAT-MAN-WP1-T1,Task,"[SWE-DAT-MAN-WP1-T1] Define source, provider, licence, CRS, vertical datum, resolution and processing records.",SWE-DAT-MAN-WP1,G1,Active baseline,Backlog,,RES-DAT-GEO; RES-DAT-SRC; RES-DAT-OBS; RES-DAT-UNC; RES-DAT-CAS,"Task output is committed, reviewed and linked to its parent Work Package.",
SWE-DAT-MAN-WP1-T2,Task,[SWE-DAT-MAN-WP1-T2] Implement manifest validation and generated-artefact lineage.,SWE-DAT-MAN-WP1,G1,Active baseline,Backlog,,RES-DAT-GEO; RES-DAT-SRC; RES-DAT-OBS; RES-DAT-UNC; RES-DAT-CAS,"Task output is committed, reviewed and linked to its parent Work Package.",
SWE-DAT-MAN-WP1-T3,Task,[SWE-DAT-MAN-WP1-T3] Create a sample Tohoku/corridor manifest fixture.,SWE-DAT-MAN-WP1,G1,Active baseline,Backlog,,RES-DAT-GEO; RES-DAT-SRC; RES-DAT-OBS; RES-DAT-UNC; RES-DAT-CAS,"Task output is committed, reviewed and linked to its parent Work Package.",
SWE-DAT-SCH-WP1,Work Package,[SWE-DAT-SCH-WP1] Define and implement the G1 HDF5 schema,SWE-DAT-SCH,G1,Active baseline,Backlog,SWE-FVM-MSH-WP1; SWE-FVM-FLD-WP1; SWE-DAT-MAN-WP1,,"The G1 mesh and fields round-trip without topology, tag or metadata loss.",
SWE-DAT-SCH-WP1-T1,Task,"[SWE-DAT-SCH-WP1-T1] Define mesh, patch, field, metadata and provenance groups.",SWE-DAT-SCH-WP1,G1,Active baseline,Backlog,,,"Task output is committed, reviewed and linked to its parent Work Package.",
SWE-DAT-SCH-WP1-T2,Task,[SWE-DAT-SCH-WP1-T2] Implement write/read adapters for the G1 topology and sample fields.,SWE-DAT-SCH-WP1,G1,Active baseline,Backlog,,,"Task output is committed, reviewed and linked to its parent Work Package.",
SWE-DAT-SCH-WP1-T3,Task,[SWE-DAT-SCH-WP1-T3] Version the schema and create compatibility checks.,SWE-DAT-SCH-WP1,G1,Active baseline,Backlog,,,"Task output is committed, reviewed and linked to its parent Work Package.",
SWE-DAT-XDMF-WP1,Work Package,[SWE-DAT-XDMF-WP1] Generate XDMF descriptors for G1 outputs,SWE-DAT-XDMF,G1,Active baseline,Backlog,SWE-DAT-SCH-WP1,,ParaView opens the generated XDMF/HDF5 pair with correct mesh and fields.,
SWE-DAT-XDMF-WP1-T1,Task,"[SWE-DAT-XDMF-WP1-T1] Map HDF5 topology, geometry and field datasets into XDMF.",SWE-DAT-XDMF-WP1,G1,Active baseline,Backlog,,,"Task output is committed, reviewed and linked to its parent Work Package.",
SWE-DAT-XDMF-WP1-T2,Task,[SWE-DAT-XDMF-WP1-T2] Generate temporal/static metadata required by ParaView.,SWE-DAT-XDMF-WP1,G1,Active baseline,Backlog,,,"Task output is committed, reviewed and linked to its parent Work Package.",
SWE-DAT-XDMF-WP1-T3,Task,[SWE-DAT-XDMF-WP1-T3] Validate the descriptor against the sample HDF5 case.,SWE-DAT-XDMF-WP1,G1,Active baseline,Backlog,,,"Task output is committed, reviewed and linked to its parent Work Package.",
SWE-FVM-MSH-WP1,Work Package,[SWE-FVM-MSH-WP1] Implement the shared control-volume topology,SWE-FVM-MSH,G1,Active baseline,Backlog,SWE-ARC-API-WP1,RES-NUM,"The reference mesh preserves connectivity, orientation, volumes, areas, normals and patches.",
SWE-FVM-MSH-WP1-T1,Task,"[SWE-FVM-MSH-WP1-T1] Define cell, face, owner/neighbour, patch and discrete-geometry records.",SWE-FVM-MSH-WP1,G1,Active baseline,Backlog,,RES-NUM,"Task output is committed, reviewed and linked to its parent Work Package.",
SWE-FVM-MSH-WP1-T2,Task,[SWE-FVM-MSH-WP1-T2] Implement topology construction and invariant checks from imported mesh data.,SWE-FVM-MSH-WP1,G1,Active baseline,Backlog,,RES-NUM,"Task output is committed, reviewed and linked to its parent Work Package.",
SWE-FVM-MSH-WP1-T3,Task,[SWE-FVM-MSH-WP1-T3] Create a small tagged reference mesh fixture.,SWE-FVM-MSH-WP1,G1,Active baseline,Backlog,,RES-NUM,"Task output is committed, reviewed and linked to its parent Work Package.",
SWE-FVM-FLD-WP1,Work Package,[SWE-FVM-FLD-WP1] Implement typed field containers,SWE-FVM-FLD,G1,Active baseline,Backlog,SWE-FVM-MSH-WP1,RES-MOD; RES-NUM,Fields reject incompatible topology and retain location/unit/name metadata.,
SWE-FVM-FLD-WP1-T1,Task,"[SWE-FVM-FLD-WP1-T1] Define scalar/vector field storage with cell, face and patch locations.",SWE-FVM-FLD-WP1,G1,Active baseline,Backlog,,RES-MOD; RES-NUM,"Task output is committed, reviewed and linked to its parent Work Package.",
SWE-FVM-FLD-WP1-T2,Task,"[SWE-FVM-FLD-WP1-T2] Implement sizing, metadata, access and topology-compatibility checks.",SWE-FVM-FLD-WP1,G1,Active baseline,Backlog,,RES-MOD; RES-NUM,"Task output is committed, reviewed and linked to its parent Work Package.",
SWE-FVM-FLD-WP1-T3,Task,[SWE-FVM-FLD-WP1-T3] Populate deterministic sample fields on the reference mesh.,SWE-FVM-FLD-WP1,G1,Active baseline,Backlog,,RES-MOD; RES-NUM,"Task output is committed, reviewed and linked to its parent Work Package.",
SWE-FVM-BC-WP1,Work Package,[SWE-FVM-BC-WP1] Implement the boundary-patch framework,SWE-FVM-BC,G1,Active baseline,Backlog,SWE-FVM-MSH-WP1; SWE-FVM-FLD-WP1,RES-NUM,Imported patch tags map deterministically to generic boundary objects.,
SWE-FVM-BC-WP1-T1,Task,"[SWE-FVM-BC-WP1-T1] Define patch identity, type, entity membership and metadata.",SWE-FVM-BC-WP1,G1,Active baseline,Backlog,,RES-NUM,"Task output is committed, reviewed and linked to its parent Work Package.",
SWE-FVM-BC-WP1-T2,Task,[SWE-FVM-BC-WP1-T2] Define a generic boundary-condition interface without solver-specific equations.,SWE-FVM-BC-WP1,G1,Active baseline,Backlog,,RES-NUM,"Task output is committed, reviewed and linked to its parent Work Package.",
SWE-FVM-BC-WP1-T3,Task,"[SWE-FVM-BC-WP1-T3] Create fixed-value, zero-gradient and named-placeholder fixtures.",SWE-FVM-BC-WP1,G1,Active baseline,Backlog,,RES-NUM,"Task output is committed, reviewed and linked to its parent Work Package.",
SWE-FVM-NUM-WP1,Work Package,[SWE-FVM-NUM-WP1] Implement G1 interpolation and gradient primitives,SWE-FVM-NUM,G1,Active baseline,Backlog,SWE-FVM-MSH-WP1; SWE-FVM-FLD-WP1,RES-NUM,Constant-field invariance and defined linear-field tolerances pass.,
SWE-FVM-NUM-WP1-T1,Task,[SWE-FVM-NUM-WP1-T1] Implement cell-to-face interpolation required for inspection fixtures.,SWE-FVM-NUM-WP1,G1,Active baseline,Backlog,,RES-NUM,"Task output is committed, reviewed and linked to its parent Work Package.",
SWE-FVM-NUM-WP1-T2,Task,[SWE-FVM-NUM-WP1-T2] Implement a basic gradient operator on the reference mesh.,SWE-FVM-NUM-WP1,G1,Active baseline,Backlog,,RES-NUM,"Task output is committed, reviewed and linked to its parent Work Package.",
SWE-FVM-NUM-WP1-T3,Task,[SWE-FVM-NUM-WP1-T3] Verify exactness/consistency using constant and linear manufactured fields.,SWE-FVM-NUM-WP1,G1,Active baseline,Backlog,,RES-NUM,"Task output is committed, reviewed and linked to its parent Work Package.",
SWE-GEO-IMP-WP1,Work Package,[SWE-GEO-IMP-WP1] Implement sample raster/vector import adapters,SWE-GEO-IMP,G1,Active baseline,Backlog,SWE-DAT-MAN-WP1,RES-DAT-GEO; RES-DAT-OBS,Imported fixtures preserve source metadata and fail clearly on unsupported inputs.,
SWE-GEO-IMP-WP1-T1,Task,[SWE-GEO-IMP-WP1-T1] Read the selected G1 raster and vector fixture formats.,SWE-GEO-IMP-WP1,G1,Active baseline,Backlog,,RES-DAT-GEO; RES-DAT-OBS,"Task output is committed, reviewed and linked to its parent Work Package.",
SWE-GEO-IMP-WP1-T2,Task,"[SWE-GEO-IMP-WP1-T2] Extract CRS, extent, resolution, nodata and source metadata.",SWE-GEO-IMP-WP1,G1,Active baseline,Backlog,,RES-DAT-GEO; RES-DAT-OBS,"Task output is committed, reviewed and linked to its parent Work Package.",
SWE-GEO-IMP-WP1-T3,Task,[SWE-GEO-IMP-WP1-T3] Emit canonical import records linked to the dataset manifest.,SWE-GEO-IMP-WP1,G1,Active baseline,Backlog,,RES-DAT-GEO; RES-DAT-OBS,"Task output is committed, reviewed and linked to its parent Work Package.",
SWE-GEO-CRS-WP1,Work Package,[SWE-GEO-CRS-WP1] Implement coordinate and datum transformation handling,SWE-GEO-CRS,G1,Active baseline,Backlog,SWE-GEO-IMP-WP1,RES-DAT-UNC; RES-DAT-SCN,Known control points satisfy the accepted transformation tolerance.,
SWE-GEO-CRS-WP1-T1,Task,[SWE-GEO-CRS-WP1-T1] Define the WGS84-to-metric corridor transformation workflow.,SWE-GEO-CRS-WP1,G1,Active baseline,Backlog,,RES-DAT-UNC; RES-DAT-SCN,"Task output is committed, reviewed and linked to its parent Work Package.",
SWE-GEO-CRS-WP1-T2,Task,[SWE-GEO-CRS-WP1-T2] Apply transformations while retaining source/target CRS provenance.,SWE-GEO-CRS-WP1,G1,Active baseline,Backlog,,RES-DAT-UNC; RES-DAT-SCN,"Task output is committed, reviewed and linked to its parent Work Package.",
SWE-GEO-CRS-WP1-T3,Task,[SWE-GEO-CRS-WP1-T3] Create round-trip and known-point transformation tests.,SWE-GEO-CRS-WP1,G1,Active baseline,Backlog,,RES-DAT-UNC; RES-DAT-SCN,"Task output is committed, reviewed and linked to its parent Work Package.",
SWE-GEO-COR-WP1,Work Package,[SWE-GEO-COR-WP1] Implement evidence-driven corridor construction,SWE-GEO-COR,G1,Active baseline,Backlog,SWE-GEO-CRS-WP1; SWE-DAT-CFG-WP1,RES-DAT-SCN; RES-DAT-CAS,The two corridor fixtures reproduce configured geometry and record all defining inputs.,
SWE-GEO-COR-WP1-T1,Task,[SWE-GEO-COR-WP1-T1] Create epicentre/target centreline and local rotated basis construction.,SWE-GEO-COR-WP1,G1,Active baseline,Backlog,,RES-DAT-SCN; RES-DAT-CAS,"Task output is committed, reviewed and linked to its parent Work Package.",
SWE-GEO-COR-WP1-T2,Task,"[SWE-GEO-COR-WP1-T2] Apply L_pre, L_inland, width and flat-ended buffering parameters.",SWE-GEO-COR-WP1,G1,Active baseline,Backlog,,RES-DAT-SCN; RES-DAT-CAS,"Task output is committed, reviewed and linked to its parent Work Package.",
SWE-GEO-COR-WP1-T3,Task,[SWE-GEO-COR-WP1-T3] Export Kamaishi and Sendai sample corridor polygons with provenance.,SWE-GEO-COR-WP1,G1,Active baseline,Backlog,,RES-DAT-SCN; RES-DAT-CAS,"Task output is committed, reviewed and linked to its parent Work Package.",
SWE-GEO-TER-WP1,Work Package,[SWE-GEO-TER-WP1] Implement G1 terrain conditioning,SWE-GEO-TER,G1,Active baseline,Backlog,SWE-GEO-COR-WP1; SWE-GEO-IMP-WP1,RES-DAT-GEO; RES-DAT-UNC,The conditioned raster has no unexplained nodata and records transformation/resampling steps.,
SWE-GEO-TER-WP1-T1,Task,[SWE-GEO-TER-WP1-T1] Clip sample bathymetry/topography to the corridor.,SWE-GEO-TER-WP1,G1,Active baseline,Backlog,,RES-DAT-GEO; RES-DAT-UNC,"Task output is committed, reviewed and linked to its parent Work Package.",
SWE-GEO-TER-WP1-T2,Task,"[SWE-GEO-TER-WP1-T2] Handle nodata, merging and resampling with explicit policies.",SWE-GEO-TER-WP1,G1,Active baseline,Backlog,,RES-DAT-GEO; RES-DAT-UNC,"Task output is committed, reviewed and linked to its parent Work Package.",
SWE-GEO-TER-WP1-T3,Task,[SWE-GEO-TER-WP1-T3] Export a conditioned terrain fixture with lineage metadata.,SWE-GEO-TER-WP1,G1,Active baseline,Backlog,,RES-DAT-GEO; RES-DAT-UNC,"Task output is committed, reviewed and linked to its parent Work Package.",
SWE-GEO-MSH-WP1,Work Package,[SWE-GEO-MSH-WP1] Implement the tagged Gmsh import workflow,SWE-GEO-MSH,G1,Active baseline,Backlog,SWE-FVM-MSH-WP1; SWE-GEO-TER-WP1,RES-NUM; RES-GEO,"All expected cells, faces and physical groups are preserved in the FVM mesh.",
SWE-GEO-MSH-WP1-T1,Task,[SWE-GEO-MSH-WP1-T1] Define the G1 Gmsh physical-group naming convention.,SWE-GEO-MSH-WP1,G1,Active baseline,Backlog,,RES-NUM; RES-GEO,"Task output is committed, reviewed and linked to its parent Work Package.",
SWE-GEO-MSH-WP1-T2,Task,"[SWE-GEO-MSH-WP1-T2] Import nodes, elements and physical tags into canonical adapter records.",SWE-GEO-MSH-WP1,G1,Active baseline,Backlog,,RES-NUM; RES-GEO,"Task output is committed, reviewed and linked to its parent Work Package.",
SWE-GEO-MSH-WP1-T3,Task,[SWE-GEO-MSH-WP1-T3] Transfer the fixture into the shared FVM topology.,SWE-GEO-MSH-WP1,G1,Active baseline,Backlog,,RES-NUM; RES-GEO,"Task output is committed, reviewed and linked to its parent Work Package.",
SWE-GEO-TAG-WP1,Work Package,[SWE-GEO-TAG-WP1] Implement canonical region and boundary tagging,SWE-GEO-TAG,G1,Active baseline,Backlog,SWE-GEO-MSH-WP1; SWE-FVM-BC-WP1,RES-MOD; RES-GEO,The reference mesh passes tag validation and exported tags remain identifiable.,
SWE-GEO-TAG-WP1-T1,Task,"[SWE-GEO-TAG-WP1-T1] Define terrain, inlet, outlet, side, top, barrier and material tag semantics.",SWE-GEO-TAG-WP1,G1,Active baseline,Backlog,,RES-MOD; RES-GEO,"Task output is committed, reviewed and linked to its parent Work Package.",
SWE-GEO-TAG-WP1-T2,Task,[SWE-GEO-TAG-WP1-T2] Validate required/forbidden tag combinations for 2D and 3D meshes.,SWE-GEO-TAG-WP1,G1,Active baseline,Backlog,,RES-MOD; RES-GEO,"Task output is committed, reviewed and linked to its parent Work Package.",
SWE-GEO-TAG-WP1-T3,Task,[SWE-GEO-TAG-WP1-T3] Persist tags through HDF5/XDMF export.,SWE-GEO-TAG-WP1,G1,Active baseline,Backlog,,RES-MOD; RES-GEO,"Task output is committed, reviewed and linked to its parent Work Package.",
SWE-GEO-BAR-WP1,Work Package,[SWE-GEO-BAR-WP1] Implement method-neutral rigid barrier descriptors,SWE-GEO-BAR,G1,Active baseline,Backlog,SWE-DAT-CFG-WP1; SWE-GEO-TAG-WP1,RES-GEO; RES-PHY-BAR,Barrier class and placement are reproducible independently of the eventual discretisation method.,
SWE-GEO-BAR-WP1-T1,Task,[SWE-GEO-BAR-WP1-T1] Define wall-type and obstacle/dissipating-class descriptors.,SWE-GEO-BAR-WP1,G1,Active baseline,Backlog,,RES-GEO; RES-PHY-BAR,"Task output is committed, reviewed and linked to its parent Work Package.",
SWE-GEO-BAR-WP1-T2,Task,"[SWE-GEO-BAR-WP1-T2] Define placement, orientation, dimensions and case-reference metadata.",SWE-GEO-BAR-WP1,G1,Active baseline,Backlog,,RES-GEO; RES-PHY-BAR,"Task output is committed, reviewed and linked to its parent Work Package.",
SWE-GEO-BAR-WP1-T3,Task,[SWE-GEO-BAR-WP1-T3] Attach a sample rigid barrier descriptor to the G1 case without selecting IBM/cut-cell methods.,SWE-GEO-BAR-WP1,G1,Active baseline,Backlog,,RES-GEO; RES-PHY-BAR,"Task output is committed, reviewed and linked to its parent Work Package.",
SWE-GEO-CHK-WP1,Work Package,"[SWE-GEO-CHK-WP1] Implement corridor, geometry and mesh checks",SWE-GEO-CHK,G1,Active baseline,Backlog,SWE-GEO-COR-WP1; SWE-GEO-MSH-WP1; SWE-GEO-TAG-WP1,RES-VER,Injected invalid fixtures fail the intended checks with specific diagnostics.,
SWE-GEO-CHK-WP1-T1,Task,"[SWE-GEO-CHK-WP1-T1] Check corridor validity, raster coverage and CRS consistency.",SWE-GEO-CHK-WP1,G1,Active baseline,Backlog,,RES-VER,"Task output is committed, reviewed and linked to its parent Work Package.",
SWE-GEO-CHK-WP1-T2,Task,"[SWE-GEO-CHK-WP1-T2] Check mesh topology, face orientation, positive measures and required patches.",SWE-GEO-CHK-WP1,G1,Active baseline,Backlog,,RES-VER,"Task output is committed, reviewed and linked to its parent Work Package.",
SWE-GEO-CHK-WP1-T3,Task,[SWE-GEO-CHK-WP1-T3] Emit structured diagnostics consumable by CLI and Qt.,SWE-GEO-CHK-WP1,G1,Active baseline,Backlog,,RES-VER,"Task output is committed, reviewed and linked to its parent Work Package.",
SWE-GUI-CAS-WP1,Work Package,[SWE-GUI-CAS-WP1] Expose G1 case and manifest inspection,SWE-GUI-CAS,G1,Active baseline,Backlog,SWE-DAT-CFG-WP1; SWE-DAT-MAN-WP1; SWE-GUI-SHL-WP1,,The Qt shell can inspect valid G1 cases and explain invalid ones.,
SWE-GUI-CAS-WP1-T1,Task,[SWE-GUI-CAS-WP1-T1] Load and display case-schema and dataset-manifest summaries.,SWE-GUI-CAS-WP1,G1,Active baseline,Backlog,,,"Task output is committed, reviewed and linked to its parent Work Package.",
SWE-GUI-CAS-WP1-T2,Task,[SWE-GUI-CAS-WP1-T2] Present validation errors with field and source context.,SWE-GUI-CAS-WP1,G1,Active baseline,Backlog,,,"Task output is committed, reviewed and linked to its parent Work Package.",
SWE-GUI-CAS-WP1-T3,Task,[SWE-GUI-CAS-WP1-T3] Expose generated artefact locations without implementing full editing.,SWE-GUI-CAS-WP1,G1,Active baseline,Backlog,,,"Task output is committed, reviewed and linked to its parent Work Package.",
SWE-GUI-VIS-WP1,Work Package,[SWE-GUI-VIS-WP1] Expose the G1 mesh/field result,SWE-GUI-VIS,G1,Active baseline,Backlog,SWE-DAT-XDMF-WP1; SWE-GUI-SHL-WP1,,A user can locate and open the G1 result from the application workflow.,
SWE-GUI-VIS-WP1-T1,Task,[SWE-GUI-VIS-WP1-T1] Catalogue the generated HDF5/XDMF result.,SWE-GUI-VIS-WP1,G1,Active baseline,Backlog,,,"Task output is committed, reviewed and linked to its parent Work Package.",
SWE-GUI-VIS-WP1-T2,Task,[SWE-GUI-VIS-WP1-T2] Display a lightweight metadata/mesh summary in the Qt shell.,SWE-GUI-VIS-WP1,G1,Active baseline,Backlog,,,"Task output is committed, reviewed and linked to its parent Work Package.",
SWE-GUI-VIS-WP1-T3,Task,[SWE-GUI-VIS-WP1-T3] Provide a controlled ParaView hand-off for the XDMF output.,SWE-GUI-VIS-WP1,G1,Active baseline,Backlog,,,"Task output is committed, reviewed and linked to its parent Work Package.",
SWE-VER-REG-WP1,Work Package,[SWE-VER-REG-WP1] Implement G1 round-trip and regression tests,SWE-VER-REG,G1,Active baseline,Backlog,SWE-DAT-SCH-WP1; SWE-GEO-CHK-WP1,RES-VER,The complete G1 fixture reproduces the accepted reference metadata and checksums/tolerances.,
SWE-VER-REG-WP1-T1,Task,[SWE-VER-REG-WP1-T1] Create case/manifest/schema round-trip tests.,SWE-VER-REG-WP1,G1,Active baseline,Backlog,,RES-VER,"Task output is committed, reviewed and linked to its parent Work Package.",
SWE-VER-REG-WP1-T2,Task,[SWE-VER-REG-WP1-T2] Create mesh/tag/field HDF5 reference checks.,SWE-VER-REG-WP1,G1,Active baseline,Backlog,,RES-VER,"Task output is committed, reviewed and linked to its parent Work Package.",
SWE-VER-REG-WP1-T3,Task,[SWE-VER-REG-WP1-T3] Create a deterministic vertical-slice regression fixture.,SWE-VER-REG-WP1,G1,Active baseline,Backlog,,RES-VER,"Task output is committed, reviewed and linked to its parent Work Package.",
